{"r2": 0.552568887885921, "mae": 33.45150822368421, "feature_importance": {"_type": "image-file", "path": "media/images/feature_importance_0_30f4d771.png", "sha256": "30f4d771c066344578e1e5b160f76119fdb47ca71fa8677b3889525141c6e602", "size": 33322, "format": "png", "width": 1000, "height": 1000}, "_runtime": 350, "_timestamp": 1628388293, "_step": 0}