{"r2": 0.5339406885517419, "mae": 33.565065789473685, "feature_importance": {"_type": "image-file", "path": "media/images/feature_importance_0_0c5964a4.png", "sha256": "0c5964a443c246c7a8ae3aaf0ac5d41e44e6242012402684f62718da14c83501", "size": 33333, "format": "png", "width": 1000, "height": 1000}, "_runtime": 156, "_timestamp": 1628384924, "_step": 0}