{"r2": 0.55255952523443, "mae": 33.472027631578946, "feature_importance": {"_type": "image-file", "path": "media/images/feature_importance_0_9cd2f06a.png", "sha256": "9cd2f06a90e9a477b676625852403ddd3b095bd4461465015f8afec02db94699", "size": 33329, "format": "png", "width": 1000, "height": 1000}, "_runtime": 855, "_timestamp": 1628387731, "_step": 0}