{"r2": 0.5345433710187246, "mae": 33.48429440789474, "feature_importance": {"_type": "image-file", "path": "media/images/feature_importance_0_184a26f0.png", "sha256": "184a26f0be08e31dfa3a320dbf00d8add2623b639b06e4bba43e57fd63775917", "size": 33323, "format": "png", "width": 1000, "height": 1000}, "_runtime": 708, "_timestamp": 1628385938, "_step": 0}