{"r2": 0.5340342040659455, "mae": 33.54348026315789, "feature_importance": {"_type": "image-file", "path": "media/images/feature_importance_0_87f735df.png", "sha256": "87f735df84d8b09c948dbf1b6e69bcccc1ad1bc13fe7a644f61a4100301c6f17", "size": 33333, "format": "png", "width": 1000, "height": 1000}, "_runtime": 284, "_timestamp": 1628385219, "_step": 0}