{"r2": 0.5507180655211765, "mae": 33.530625, "feature_importance": {"_type": "image-file", "path": "media/images/feature_importance_0_18c8d04d.png", "sha256": "18c8d04dfa4fbf50fec130ca75df7ebfe6c196b598390a0ffdc6b5ad004cbd2d", "size": 33328, "format": "png", "width": 1000, "height": 1000}, "_runtime": 257, "_timestamp": 1628386209, "_step": 0}